"Tijdstempel","Wat is de naam van uw Reddit account?","Vanuit welke provincie breng je je stem uit?","Op welke partij wil je je stem uitbrengen voor de Tweede Kamerverkiezingen van September 2016?","Op welke kandidaat wilt u stemmen?","Op welke kandidaat wilt u stemmen?","Op welke kandidaat wilt u stemmen?","Op welke kandidaat wilt u stemmen?","Op welke kandidaat wilt u stemmen?","Op welke kandidaat wilt u stemmen?","Op welke kandidaat wilt u stemmen?","Op welke kandidaat wilt u stemmen?","Op welke kandidaat wilt u stemmen?"
"2016/09/27 10:02:26 p.m. GMT","Waz_met_Jou","Overijssel","Germaanse Partij Nederland (GPN)","","","","","","","","Akuran",""
"2016/09/27 10:02:47 p.m. GMT","Muffer-nl","Zuid-Holland","De Nieuwe Lijn (DNL)","","","","","","MufferNL","","",""
"2016/09/27 10:05:06 p.m. GMT","MTFD","Zuid-Holland","Democraten 66 (D66)","MTFD","","","","","","","",""
"2016/09/27 10:07:42 p.m. GMT","alpha_c","Zuid-Holland","Volkspartij voor Vrijheid en Democratie (VVD)","","","","","Alpha_c","","","",""
"2016/09/27 10:12:36 p.m. GMT","Nootje1516","Noord-Holland","Pacifistisch Socialistische Partij (PSP)","","","","","","","","","nootje1516"
"2016/09/27 10:33:11 p.m. GMT","th8","Gelderland","Pacifistisch Socialistische Partij (PSP)","","","","","","","","","th8"
"2016/09/27 10:51:06 p.m. GMT","TonyQuark","Ik stem bij de ambassade","Democraten 66 (D66)","MTFD","","","","","","","",""
"2016/09/27 11:14:48 p.m. GMT","Keijeman","Zuid-Holland","Pacifistisch Socialistische Partij (PSP)","","","","","","","","","Keijeman"
"2016/09/27 11:21:32 p.m. GMT","Vladim_sokov","Ik stem bij de ambassade","Pacifistisch Socialistische Partij (PSP)","","","","","","","","","Vladim_sokov"
"2016/09/27 11:36:48 p.m. GMT","sabasNL","Noord-Brabant","Democraten 66 (D66)","SabasNL","","","","","","","",""
"2016/09/27 11:57:52 p.m. GMT","Thatguynobodyknows","Noord-Brabant","Democraten 66 (D66)","Thatguynobodyknows","","","","","","","",""
"2016/09/28 4:23:51 a.m. GMT","Conducteur","Drenthe","Democraten 66 (D66)","MTFD","","","","","","","",""
"2016/09/28 4:41:11 a.m. GMT","jothamvw","Gelderland","Germaanse Partij Nederland (GPN)","","","","","","","","Jothamvw",""
"2016/09/28 5:21:39 a.m. GMT","Dizziot","Gelderland","Democraten 66 (D66)","MTFD","","","","","","","",""
"2016/09/28 6:05:57 a.m. GMT","Kinggeorgeman","Zuid-Holland","Democraten 66 (D66)","MTFD","","","","","","","",""
"2016/09/28 6:19:37 a.m. GMT","scheurneus","Gelderland","Pacifistisch Socialistische Partij (PSP)","","","","","","","","","Keijeman"
"2016/09/28 6:23:00 a.m. GMT","TheJelleyFish","Drenthe","GroenLinks (GL)","","TheJelleyFish","","","","","","",""
"2016/09/28 7:25:32 a.m. GMT","AnnaLittleAlice","Ik stem bij de ambassade","Volkspartij voor Vrijheid en Democratie (VVD)","","","","","jespertjee","","","",""
"2016/09/28 7:41:29 a.m. GMT","Ploefke","Groningen","Partij voor de Vrijheid (PVV)","","","","Ploefke","","","","",""
"2016/09/28 7:48:40 a.m. GMT","FabulousFork","Groningen","GroenLinks (GL)","","wouttah","","","","","","",""
"2016/09/28 7:55:48 a.m. GMT","mrjoey98","Gelderland","GroenLinks (GL)","","MrJoey98","","","","","","",""
"2016/09/28 8:37:20 a.m. GMT","Frozen_Ultron","Gelderland","De Nieuwe Lijn (DNL)","","","","","","Frozen_Ultron","","",""
"2016/09/28 8:51:35 a.m. GMT","Akuran","Noord-Brabant","Germaanse Partij Nederland (GPN)","","","","","","","","Akuran",""
"2016/09/28 9:20:47 a.m. GMT","dowyflow","Zuid-Holland","Democraten 66 (D66)","Dowyflow","","","","","","","",""
"2016/09/28 9:32:18 a.m. GMT","OKELEUK","Noord-Holland","Communistische Partij Nederland (CPN)","","","OKELEUK","","","","","",""
"2016/09/28 9:42:08 a.m. GMT","pong1175","Ik stem bij de ambassade","Democraten 66 (D66)","Pong1175","","","","","","","",""
"2016/09/28 9:43:18 a.m. GMT","meneer_vd_AIVD","Gelderland","De Nieuwe Lijn (DNL)","","","","","","Meneer_vd_AIVD","","",""
"2016/09/28 9:47:13 a.m. GMT","Demi00","Gelderland","De Nieuwe Lijn (DNL)","","","","","","Demi00","","",""
"2016/09/28 9:48:53 a.m. GMT","Vylander","Groningen","Volkspartij voor Vrijheid en Democratie (VVD)","","","","","Vylander","","","",""
"2016/09/28 9:56:18 a.m. GMT","screech95","Groningen","Communistische Partij Nederland (CPN)","","","SCREECH95","","","","","",""
"2016/09/28 10:22:56 a.m. GMT","Theultimatetrol","Utrecht","Communistische Partij Nederland (CPN)","","","theultimatetrol","","","","","",""
"2016/09/28 10:35:59 a.m. GMT","woutske","Flevoland","GroenLinks (GL)","","wouttah","","","","","","",""
"2016/09/28 11:00:08 a.m. GMT","warranty_voids","Overijssel","Democraten 66 (D66)","MTFD","","","","","","","",""
"2016/09/28 11:35:01 a.m. GMT","Aicoholix","Zuid-Holland","Partij voor de Vrijheid (PVV)","","","","FeldmarschallRammel","","","","",""
"2016/09/28 11:35:23 a.m. GMT","Jurryaany","Flevoland","Volkspartij voor Vrijheid en Democratie (VVD)","","","","","Alpha_c","","","",""
"2016/09/28 11:40:07 a.m. GMT","SimonKinsler","Overijssel","GroenLinks (GL)","","wouttah","","","","","","",""
"2016/09/28 11:42:14 a.m. GMT","Amanoo","Overijssel","Partij voor de Vrijheid (PVV)","","","","Ploefke","","","","",""
"2016/09/28 11:47:28 a.m. GMT","bonomel","Limburg","Volkspartij voor Vrijheid en Democratie (VVD)","","","","","Alpha_c","","","",""
"2016/09/28 11:51:47 a.m. GMT","TheByzantineDragon","Ik stem bij de ambassade","Germaanse Partij Nederland (GPN)","","","","","","","","Waz_met_jou",""
"2016/09/28 11:56:57 a.m. GMT","gIBCAKE","Limburg","Partij voor de Vrijheid (PVV)","","","","not-an-account","","","","",""
"2016/09/28 11:57:06 a.m. GMT","karnivoorischenkiwi","Utrecht","Democraten 66 (D66)","Thatguynobodyknows","","","","","","","",""
"2016/09/28 12:01:12 p.m. GMT","teymon","Zuid-Holland","Democraten 66 (D66)","Mitorr","","","","","","","",""
"2016/09/28 12:05:20 p.m. GMT","mr_clicks","Noord-Holland","GroenLinks (GL)","","mrs505","","","","","","",""
"2016/09/28 12:10:34 p.m. GMT","Ankandonai","Gelderland","Democraten 66 (D66)","SabasNL","","","","","","","",""
"2016/09/28 12:11:18 p.m. GMT","Boswandeling","Friesland","Volkspartij voor Vrijheid en Democratie (VVD)","","","","","Vylander","","","",""
"2016/09/28 12:22:57 p.m. GMT","ReinierVGC","Friesland","Partij van de Arbeid (PvdA)","","","","","","","KrabbHD","",""
"2016/09/28 12:23:07 p.m. GMT","numberdonine","Gelderland","Partij voor de Vrijheid (PVV)","","","","Ploefke","","","","",""
"2016/09/28 12:24:42 p.m. GMT","BigBlueBurd","Noord-Holland","Germaanse Partij Nederland (GPN)","","","","","","","","Akuran",""
"2016/09/28 12:26:47 p.m. GMT","Magratt","Utrecht","Pacifistisch Socialistische Partij (PSP)","","","","","","","","","th8"
"2016/09/28 12:27:40 p.m. GMT","Slowleftarm","Noord-Holland","GroenLinks (GL)","","dutchlm","","","","","","",""
"2016/09/28 12:45:23 p.m. GMT","Tarthim","Friesland","GroenLinks (GL)","","TheJelleyFish","","","","","","",""
"2016/09/28 12:47:14 p.m. GMT","sumpuran","Ik stem bij de ambassade","Pacifistisch Socialistische Partij (PSP)","","","","","","","","","Keijeman"
"2016/09/28 12:50:45 p.m. GMT","Kadirmarangoz","Limburg","Partij van de Arbeid (PvdA)","","","","","","","TheDomCook","",""
"2016/09/28 12:56:18 p.m. GMT","bartlovepuch","Groningen","Communistische Partij Nederland (CPN)","","","ComradVladimir","","","","","",""
"2016/09/28 12:59:32 p.m. GMT","branieschopper","Gelderland","Democraten 66 (D66)","MTFD","","","","","","","",""
"2016/09/28 12:59:56 p.m. GMT","SprUTch","Noord-Brabant","Volkspartij voor Vrijheid en Democratie (VVD)","","","","","Alpha_c","","","",""
"2016/09/28 1:02:13 p.m. GMT","fonon","Overijssel","Volkspartij voor Vrijheid en Democratie (VVD)","","","","","jespertjee","","","",""
"2016/09/28 1:10:36 p.m. GMT","ChemShir","Zuid-Holland","De Nieuwe Lijn (DNL)","","","","","","Frozen_Ultron","","",""
"2016/09/28 1:11:04 p.m. GMT","Onlydead","Utrecht","Democraten 66 (D66)","MTFD","","","","","","","",""
"2016/09/28 1:11:08 p.m. GMT","ChemShir","Zuid-Holland","De Nieuwe Lijn (DNL)","","","","","","Frozen_Ultron","","",""
"2016/09/28 1:12:35 p.m. GMT","bierrr","Noord-Holland","De Nieuwe Lijn (DNL)","","","","","","Meneer_vd_AIVD","","",""
"2016/09/28 1:17:24 p.m. GMT","Lollerpwn","Zuid-Holland","Communistische Partij Nederland (CPN)","","","ComradVladimir","","","","","",""
"2016/09/28 1:17:51 p.m. GMT","Neveruseitagain2","Noord-Brabant","Partij van de Arbeid (PvdA)","","","","","","","Blackdutchie","",""
"2016/09/28 1:18:11 p.m. GMT","cmd-t","Groningen","Pacifistisch Socialistische Partij (PSP)","","","","","","","","","koopabro"
"2016/09/28 1:19:21 p.m. GMT","shishdem","Ik stem bij de ambassade","Communistische Partij Nederland (CPN)","","","thecamattacker","","","","","",""
"2016/09/28 1:23:43 p.m. GMT","_teslaTrooper","Ik stem bij de ambassade","Blanco","Mitorr","","","","","","","",""
"2016/09/28 1:25:13 p.m. GMT","kwinnox","Gelderland","Democraten 66 (D66)","MTFD","","","","","","","",""
"2016/09/28 1:27:33 p.m. GMT","henan","Noord-Brabant","Democraten 66 (D66)","Thatguynobodyknows","","","","","","","",""
"2016/09/28 1:31:27 p.m. GMT","Carsina","Noord-Brabant","De Nieuwe Lijn (DNL)","","","","","","Frozen_Ultron","","",""
"2016/09/28 1:31:56 p.m. GMT","Brugmans","Noord-Holland","Pacifistisch Socialistische Partij (PSP)","","","","","","","","","Keijeman"
"2016/09/28 1:39:48 p.m. GMT","Sjoerd920","Gelderland","Democraten 66 (D66)","MTFD","","","","","","","",""
"2016/09/28 1:43:27 p.m. GMT","Samdedraak","Zuid-Holland","Democraten 66 (D66)","MTFD","","","","","","","",""
"2016/09/28 1:44:39 p.m. GMT","Koopabro","Noord-Holland","Pacifistisch Socialistische Partij (PSP)","","","","","","","","","koopabro"
"2016/09/28 1:50:03 p.m. GMT","Iamocmer","Gelderland","De Nieuwe Lijn (DNL)","","","","","","Meneer_vd_AIVD","","",""
"2016/09/28 1:51:25 p.m. GMT","Willem_Alexander_","Zuid-Holland","GroenLinks (GL)","","wouttah","","","","","","",""
"2016/09/28 1:51:49 p.m. GMT","Basxt","Noord-Holland","Partij voor de Vrijheid (PVV)","","","","nougatreep","","","","",""
"2016/09/28 1:52:23 p.m. GMT","SylvanaSimons","Utrecht","De Nieuwe Lijn (DNL)","","","","","","Frozen_Ultron","","",""
"2016/09/28 2:05:39 p.m. GMT","-___-_","Noord-Holland","Democraten 66 (D66)","MTFD","","","","","","","",""
"2016/09/28 2:06:05 p.m. GMT","KrabbHD","Gelderland","Partij van de Arbeid (PvdA)","","","","","","","KrabbHD","",""
"2016/09/28 2:06:23 p.m. GMT","JWeenink","Gelderland","Pacifistisch Socialistische Partij (PSP)","","","","","","","","","Keijeman"
"2016/09/28 2:08:06 p.m. GMT","Opperdwurg","Gelderland","Volkspartij voor Vrijheid en Democratie (VVD)","","","","","Alpha_c","","","",""
"2016/09/28 2:10:55 p.m. GMT","Embertorchclaw","Drenthe","Democraten 66 (D66)","MTFD","","","","","","","",""
"2016/09/28 2:20:50 p.m. GMT","supinekip101","Noord-Brabant","Germaanse Partij Nederland (GPN)","","","","","","","","Akuran",""
"2016/09/28 2:35:38 p.m. GMT","FlyingDutchkid","Noord-Brabant","Germaanse Partij Nederland (GPN)","","","","","","","","Akuran",""
"2016/09/28 2:36:28 p.m. GMT","Mezzezo","Gelderland","Communistische Partij Nederland (CPN)","","","ComradVladimir","","","","","",""
"2016/09/28 2:45:36 p.m. GMT","BucketHeadJr","Groningen","Democraten 66 (D66)","Thatguynobodyknows","","","","","","","",""
"2016/09/28 2:46:38 p.m. GMT","JML89","Drenthe","Partij voor de Vrijheid (PVV)","","","","maffior88","","","","",""
"2016/09/28 2:47:43 p.m. GMT","Mort_Kawasaki","Zuid-Holland","Democraten 66 (D66)","Mitorr","","","","","","","",""
"2016/09/28 2:50:26 p.m. GMT","TheDomCook","Gelderland","Partij van de Arbeid (PvdA)","","","","","","","TheDomCook","",""
"2016/09/28 2:51:57 p.m. GMT","Gaknip","Noord-Brabant","Partij voor de Vrijheid (PVV)","","","","Ploefke","","","","",""
"2016/09/28 2:53:46 p.m. GMT","Zrakoplovvliegtuig","Zuid-Holland","GroenLinks (GL)","","TheJelleyFish","","","","","","",""
"2016/09/28 2:56:14 p.m. GMT","dataloss","Noord-Holland","Partij voor de Vrijheid (PVV)","","","","Gibcake","","","","",""
"2016/09/28 2:59:21 p.m. GMT","roenmane","Zuid-Holland","Partij voor de Vrijheid (PVV)","","","","Ploefke","","","","",""
"2016/09/28 3:01:26 p.m. GMT","shadows24","Noord-Holland","Volkspartij voor Vrijheid en Democratie (VVD)","","","","","Alpha_c","","","",""
"2016/09/28 3:03:16 p.m. GMT","Potatonator99","Noord-Holland","Partij voor de Vrijheid (PVV)","","","","Ploefke","","","","",""
"2016/09/28 3:03:25 p.m. GMT","Michielangelo ","Utrecht","Partij van de Arbeid (PvdA)","","","","","","","KrabbHD","",""
"2016/09/28 3:03:59 p.m. GMT","vmachiel","Noord-Brabant","Democraten 66 (D66)","MTFD","","","","","","","",""
"2016/09/28 3:10:37 p.m. GMT","Count_Dog","Zuid-Holland","Volkspartij voor Vrijheid en Democratie (VVD)","","","","","Vylander","","","",""
"2016/09/28 3:24:12 p.m. GMT","LTIstarcraft","Limburg","Volkspartij voor Vrijheid en Democratie (VVD)","","","","","LTIStarcraft","","","",""
"2016/09/28 3:28:36 p.m. GMT","Spaadaj","Gelderland","GroenLinks (GL)","","TheJelleyFish","","","","","","",""
"2016/09/28 3:32:08 p.m. GMT","BuffaloCrone","Groningen","Pacifistisch Socialistische Partij (PSP)","","","","","","","","","nootje1516"
"2016/09/28 3:39:20 p.m. GMT","Not-an-account","Noord-Brabant","Partij voor de Vrijheid (PVV)","","","","not-an-account","","","","",""
"2016/09/28 4:02:53 p.m. GMT","jespertjee","Noord-Holland","Volkspartij voor Vrijheid en Democratie (VVD)","","","","","Alpha_c","","","",""
"2016/09/28 4:04:34 p.m. GMT","afvalbak","Zuid-Holland","Democraten 66 (D66)","Pong1175","","","","","","","",""
"2016/09/28 4:05:27 p.m. GMT","ambamja","Groningen","GroenLinks (GL)","","TheJelleyFish","","","","","","",""
"2016/09/28 4:06:31 p.m. GMT","Benneflap","Limburg","Germaanse Partij Nederland (GPN)","","","","","","","","Akuran",""
"2016/09/28 4:08:38 p.m. GMT","davadude","Zuid-Holland","Partij voor de Vrijheid (PVV)","","","","not-an-account","","","","",""
"2016/09/28 4:12:29 p.m. GMT","geoffri12","Zuid-Holland","Communistische Partij Nederland (CPN)","","","OKELEUK","","","","","",""
"2016/09/28 4:28:05 p.m. GMT","gerryflap","Overijssel","Communistische Partij Nederland (CPN)","","","ComradVladimir","","","","","",""
"2016/09/28 4:29:04 p.m. GMT","inimicum","Limburg","Volkspartij voor Vrijheid en Democratie (VVD)","","","","","Vylander","","","",""
"2016/09/28 4:38:04 p.m. GMT","Blackdutchie","Noord-Holland","Partij van de Arbeid (PvdA)","","","","","","","Blackdutchie","",""
"2016/09/28 4:58:16 p.m. GMT","themcattacker","Zuid-Holland","Communistische Partij Nederland (CPN)","","","thecamattacker","","","","","",""
"2016/09/28 5:02:44 p.m. GMT","Solianss","Zuid-Holland","Volkspartij voor Vrijheid en Democratie (VVD)","","","","","Alpha_c","","","",""
"2016/09/28 5:06:24 p.m. GMT","Zertial","Noord-Brabant","Germaanse Partij Nederland (GPN)","","","","","","","","Akuran",""
"2016/09/28 5:18:37 p.m. GMT","Bentaytay","Noord-Brabant","Germaanse Partij Nederland (GPN)","","","","","","","","Akuran",""
"2016/09/28 5:23:03 p.m. GMT","KoningJesper","Noord-Holland","Democraten 66 (D66)","Thatguynobodyknows","","","","","","","",""
"2016/09/28 5:27:55 p.m. GMT","Cekec","Zuid-Holland","Partij voor de Vrijheid (PVV)","","","","Yukub","","","","",""
"2016/09/28 5:30:26 p.m. GMT","PM_your_nothings","Limburg","Democraten 66 (D66)","MTFD","","","","","","","",""
"2016/09/28 5:33:34 p.m. GMT","CindyJane95","Friesland","GroenLinks (GL)","","TheJelleyFish","","","","","","",""
"2016/09/28 5:34:22 p.m. GMT","PrinsgezindeKikker","Groningen","Communistische Partij Nederland (CPN)","","","OKELEUK","","","","","",""
"2016/09/28 5:45:24 p.m. GMT","dominatordonald","Noord-Brabant","De Nieuwe Lijn (DNL)","","","","","","Meneer_vd_AIVD","","",""
"2016/09/28 5:48:05 p.m. GMT","gotoSander","Utrecht","Communistische Partij Nederland (CPN)","","","thecamattacker","","","","","",""
"2016/09/28 5:56:24 p.m. GMT","baukelien","Groningen","Germaanse Partij Nederland (GPN)","","","","","","","","Akuran",""
"2016/09/28 6:01:56 p.m. GMT","Sittardia","Zuid-Holland","De Nieuwe Lijn (DNL)","","","","","","MufferNL","","",""
"2016/09/28 6:11:35 p.m. GMT","bram_de_man","Noord-Holland","Partij van de Arbeid (PvdA)","","","","","","","Holtenbronx","",""
"2016/09/28 6:18:07 p.m. GMT","ghastronaut","Friesland","Democraten 66 (D66)","Thatguynobodyknows","","","","","","","",""
"2016/09/28 6:21:10 p.m. GMT","JohanF","Zuid-Holland","Partij voor de Vrijheid (PVV)","","","","Ploefke","","","","",""
"2016/09/28 6:24:23 p.m. GMT","Mees001","Noord-Brabant","Communistische Partij Nederland (CPN)","","","ComradVladimir","","","","","",""
"2016/09/28 6:37:21 p.m. GMT","Lodew","Zuid-Holland","GroenLinks (GL)","","wouttah","","","","","","",""
"2016/09/28 6:47:00 p.m. GMT","slierp","Gelderland","Partij van de Arbeid (PvdA)","","","","","","","TheDomCook","",""
"2016/09/28 6:48:56 p.m. GMT","Prussicus","Gelderland","Volkspartij voor Vrijheid en Democratie (VVD)","","","","","Alpha_c","","","",""
"2016/09/28 6:49:17 p.m. GMT","Amalia_jwz","Zuid-Holland","De Nieuwe Lijn (DNL)","","","","","","MufferNL","","",""
"2016/09/28 6:50:07 p.m. GMT","ekny","Ik stem bij de ambassade","De Nieuwe Lijn (DNL)","","","","","","Frozen_Ultron","","",""
"2016/09/28 6:50:43 p.m. GMT","pawnerd","Utrecht","Volkspartij voor Vrijheid en Democratie (VVD)","","","","","LTIStarcraft","","","",""
"2016/09/28 6:57:38 p.m. GMT","mrmultomap","Zuid-Holland","Partij voor de Vrijheid (PVV)","","","","not-an-account","","","","",""
"2016/09/28 7:09:00 p.m. GMT","zozonde","Ik stem bij de ambassade","GroenLinks (GL)","","wouttah","","","","","","",""
"2016/09/28 7:09:31 p.m. GMT","Icy207","Noord-Holland","Democraten 66 (D66)","MTFD","","","","","","","",""
"2016/09/28 7:18:00 p.m. GMT","Disputatios","Zuid-Holland","GroenLinks (GL)","","MrJoey98","","","","","","",""
"2016/09/28 7:21:40 p.m. GMT","Ouabadougou","Zuid-Holland","GroenLinks (GL)","","dutchlm","","","","","","",""
"2016/09/28 7:26:21 p.m. GMT","Prinses_alexia","Zuid-Holland","Blanco","","","","","","","","",""
"2016/09/28 7:33:16 p.m. GMT","size43","Gelderland","Partij van de Arbeid (PvdA)","","","","","","","Blackdutchie","",""
"2016/09/28 7:52:51 p.m. GMT","Pegiser","Zuid-Holland","Pacifistisch Socialistische Partij (PSP)","","","","","","","","","Keijeman"
"2016/09/28 7:56:42 p.m. GMT","Fanaat","Drenthe","Germaanse Partij Nederland (GPN)","","","","","","","","Akuran",""
"2016/09/28 7:59:03 p.m. GMT","Outdoortuna ","Overijssel","Germaanse Partij Nederland (GPN)","","","","","","","","Waz_met_jou",""
"2016/09/28 8:06:30 p.m. GMT","rascarc","Overijssel","Volkspartij voor Vrijheid en Democratie (VVD)","","","","","Alpha_c","","","",""
"2016/09/28 8:06:31 p.m. GMT","Klumber","Ik stem bij de ambassade","Democraten 66 (D66)","Thatguynobodyknows","","","","","","","",""
"2016/09/28 8:11:36 p.m. GMT"," Khazar96","Zuid-Holland","Pacifistisch Socialistische Partij (PSP)","","","","","","","","","koopabro"
"2016/09/28 8:22:14 p.m. GMT","rubennaatje","Utrecht","GroenLinks (GL)","","wouttah","","","","","","",""
"2016/09/28 8:49:31 p.m. GMT","JJkriskras","Utrecht","Democraten 66 (D66)","Thatguynobodyknows","","","","","","","",""
"2016/09/28 8:50:48 p.m. GMT","airiin","Flevoland","Pacifistisch Socialistische Partij (PSP)","","","","","","","","","Keijeman"
"2016/09/28 8:55:22 p.m. GMT","anarchistica","Noord-Holland","Pacifistisch Socialistische Partij (PSP)","","","","","","","","","nootje1516"
"2016/09/28 8:56:07 p.m. GMT","Mitorr","Gelderland","Democraten 66 (D66)","Mitorr","","","","","","","",""
"2016/09/28 9:14:14 p.m. GMT","Daveboy2000","Zuid-Holland","Communistische Partij Nederland (CPN)","","","thecamattacker","","","","","",""
"2016/09/28 9:30:57 p.m. GMT","rsbwlne_","Limburg","GroenLinks (GL)","","MrJoey98","","","","","","",""
"2016/09/28 10:04:50 p.m. GMT","Broudster","Zuid-Holland","Volkspartij voor Vrijheid en Democratie (VVD)","","","","","Alpha_c","","","",""
"2016/09/28 10:15:17 p.m. GMT","hapap123","Noord-Holland","Democraten 66 (D66)","Mitorr","","","","","","","",""
"2016/09/28 10:24:08 p.m. GMT","Paddo_In_Wonderland","Drenthe","Communistische Partij Nederland (CPN)","","","thecamattacker","","","","","",""
"2016/09/28 10:52:55 p.m. GMT","tiswhatitmeanstobe","Flevoland","GroenLinks (GL)","","MrJoey98","","","","","","",""
"2016/09/28 11:04:29 p.m. GMT","Thelymus","Gelderland","Partij van de Arbeid (PvdA)","","","","","","","KrabbHD","",""
"2016/09/29 12:27:23 a.m. GMT","FeldmarschallRammel","Zuid-Holland","Partij voor de Vrijheid (PVV)","","","","FeldmarschallRammel","","","","",""
"2016/09/29 4:52:39 a.m. GMT","jvnknvlgl","Gelderland","GroenLinks (GL)","","wouttah","","","","","","",""
"2016/09/29 5:30:45 a.m. GMT","Niwre","Gelderland","Democraten 66 (D66)","Thatguynobodyknows","","","","","","","",""
"2016/09/29 6:12:14 a.m. GMT","fr3nkst3r","Noord-Holland","Democraten 66 (D66)","MTFD","","","","","","","",""
"2016/09/29 6:59:30 a.m. GMT","Athan88","Gelderland","Democraten 66 (D66)","Thatguynobodyknows","","","","","","","",""
"2016/09/29 7:14:40 a.m. GMT","wouttah","Overijssel","GroenLinks (GL)","","MrJoey98","","","","","","",""
"2016/09/29 8:02:53 a.m. GMT","Amehoela","Utrecht","GroenLinks (GL)","","fakecore","","","","","","",""
"2016/09/29 8:04:06 a.m. GMT","TheGreatDutchman","Gelderland","GroenLinks (GL)","","wouter_ofzo","","","","","","",""
"2016/09/29 8:04:12 a.m. GMT","Flying_Scotchman","Utrecht","GroenLinks (GL)","","mrs505","","","","","","",""
"2016/09/29 8:07:51 a.m. GMT","JonIV","Utrecht","Volkspartij voor Vrijheid en Democratie (VVD)","","","","","Vylander","","","",""
"2016/09/29 8:17:58 a.m. GMT","Crono_R","Zuid-Holland","Partij van de Arbeid (PvdA)","","","","","","","Blackdutchie","",""
"2016/09/29 8:28:13 a.m. GMT","Jeltevs","Utrecht","De Nieuwe Lijn (DNL)","","","","","","Frozen_Ultron","","",""
"2016/09/29 8:30:52 a.m. GMT","Aapjes94","Gelderland","De Nieuwe Lijn (DNL)","","","","","","Frozen_Ultron","","",""
"2016/09/29 8:31:40 a.m. GMT","Aapjes94","Gelderland","De Nieuwe Lijn (DNL)","","","","","","Frozen_Ultron","","",""
"2016/09/29 9:07:26 a.m. GMT","bananensliertje","Gelderland","Democraten 66 (D66)","SabasNL","","","","","","","",""
"2016/09/29 9:10:21 a.m. GMT","Bouwhouse","Overijssel","Blanco","","","","","","","","",""
"2016/09/29 9:14:48 a.m. GMT","DominoNo-","Noord-Holland","De Nieuwe Lijn (DNL)","","","","","","Meneer_vd_AIVD","","",""
"2016/09/29 9:22:10 a.m. GMT","Meconium_Masterpiece","Gelderland","Germaanse Partij Nederland (GPN)","","","","","","","","Akuran",""
"2016/09/29 9:45:31 a.m. GMT","Haldor Lork","Groningen","GroenLinks (GL)","","wouttah","","","","","","",""
"2016/09/29 10:15:48 a.m. GMT","phosporus","Flevoland","Volkspartij voor Vrijheid en Democratie (VVD)","","","","","jespertjee","","","",""
"2016/09/29 10:16:32 a.m. GMT","LunarEagle","Noord-Brabant","Democraten 66 (D66)","Pong1175","","","","","","","",""
"2016/09/29 10:58:34 a.m. GMT","Marnixz","Groningen","De Nieuwe Lijn (DNL)","","","","","","Frozen_Ultron","","",""
"2016/09/29 11:07:44 a.m. GMT","knakworst36","Noord-Brabant","GroenLinks (GL)","","wouttah","","","","","","",""
"2016/09/29 11:15:51 a.m. GMT","vxeonix","Limburg","GroenLinks (GL)","","wouter_ofzo","","","","","","",""
"2016/09/29 11:38:05 a.m. GMT","kooienb","Groningen","Partij voor de Vrijheid (PVV)","","","","nougatreep","","","","",""
"2016/09/29 11:40:17 a.m. GMT","Mrcreatifity","Gelderland","Germaanse Partij Nederland (GPN)","","","","","","","","Akuran",""
"2016/09/29 11:45:33 a.m. GMT","FearrMe","Limburg","Democraten 66 (D66)","Thatguynobodyknows","","","","","","","",""
"2016/09/29 11:49:49 a.m. GMT","Osoconceited","Zuid-Holland","Partij voor de Vrijheid (PVV)","","","","FeldmarschallRammel","","","","",""
"2016/09/29 11:50:48 a.m. GMT","timo906","Utrecht","Pacifistisch Socialistische Partij (PSP)","","","","","","","","","Keijeman"
"2016/09/29 11:50:58 a.m. GMT","BijdeHans","Overijssel","Partij voor de Vrijheid (PVV)","","","","Yukub","","","","",""
"2016/09/29 12:04:26 p.m. GMT","peacejh","Zuid-Holland","Volkspartij voor Vrijheid en Democratie (VVD)","","","","","Alpha_c","","","",""
"2016/09/29 12:15:03 p.m. GMT","atzaa","Utrecht","Volkspartij voor Vrijheid en Democratie (VVD)","","","","","Vylander","","","",""
"2016/09/29 12:42:44 p.m. GMT","sjaaki02","Zuid-Holland","Blanco","","","","","","","","",""
"2016/09/29 2:06:24 p.m. GMT","SomeCommunists","Overijssel","Communistische Partij Nederland (CPN)","","","ComradVladimir","","","","","",""
"2016/09/29 2:52:07 p.m. GMT","Mistawhistah","Zeeland","GroenLinks (GL)","","wouttah","","","","","","",""
"2016/09/29 3:05:08 p.m. GMT","dutchcow","Friesland","Partij van de Arbeid (PvdA)","","","","","","","KrabbHD","",""
"2016/09/29 3:58:20 p.m. GMT","Qlimaxhunter","Ik stem bij de ambassade","Partij voor de Vrijheid (PVV)","","","","Ploefke","","","","",""
"2016/09/29 4:13:44 p.m. GMT","CalfReddit","Zuid-Holland","Democraten 66 (D66)","SabasNL","","","","","","","",""
"2016/09/29 6:31:24 p.m. GMT","covati-","Utrecht","Blanco","","","","","","","","",""
"2016/09/29 7:42:38 p.m. GMT","Borutgers","Overijssel","Pacifistisch Socialistische Partij (PSP)","","","","","","","","","koopabro"
"2016/09/29 7:57:34 p.m. GMT","Bladyda","Zuid-Holland","Democraten 66 (D66)","MTFD","","","","","","","",""
"2016/09/29 8:05:11 p.m. GMT","Theforgottenwan","Noord-Brabant","GroenLinks (GL)","","TheJelleyFish","","","","","","",""
"2016/09/29 8:35:21 p.m. GMT","Miredom","Gelderland","Partij van de Arbeid (PvdA)","","","","","","","KrabbHD","",""
"2016/09/29 9:48:47 p.m. GMT","LessermoldX","Noord-Holland","Democraten 66 (D66)","Thatguynobodyknows","","","","","","","",""
"2016/09/29 10:12:51 p.m. GMT","Captain_Jack_Falcon","Utrecht","Partij van de Arbeid (PvdA)","","","","","","","Blackdutchie","",""
"2016/09/29 11:05:25 p.m. GMT","misterslicepie","Groningen","GroenLinks (GL)","","fakecore","","","","","","",""
"2016/09/29 11:51:47 p.m. GMT","anongonemild","Zuid-Holland","Democraten 66 (D66)","MTFD","","","","","","","",""
"2016/09/30 12:18:34 a.m. GMT","Polybius_is_real","Utrecht","Partij voor de Vrijheid (PVV)","","","","Ploefke","","","","",""
"2016/09/30 5:25:32 a.m. GMT","brokenpipe","Noord-Holland","De Nieuwe Lijn (DNL)","","","","","","Frozen_Ultron","","",""
"2016/09/30 7:21:33 a.m. GMT","thelob","Noord-Brabant","Germaanse Partij Nederland (GPN)","","","","","","","","Waz_met_jou",""
"2016/09/30 8:28:43 a.m. GMT","werser22","Zuid-Holland","Communistische Partij Nederland (CPN)","","","OKELEUK","","","","","",""
"2016/09/30 8:50:42 a.m. GMT","Rarejongen","Friesland","Democraten 66 (D66)","Thatguynobodyknows","","","","","","","",""
"2016/09/30 2:31:03 p.m. GMT","MrTijn","Ik stem bij de ambassade","Pacifistisch Socialistische Partij (PSP)","","","","","","","","","th8"
"2016/09/30 7:36:16 p.m. GMT","Heb Ik Niet","Zuid-Holland","Partij voor de Vrijheid (PVV)","","","","Ploefke","","","","",""
"2016/09/30 10:19:23 p.m. GMT","robbii","Limburg","Communistische Partij Nederland (CPN)","","","ComradVladimir","","","","","",""
"2016/09/30 11:11:41 p.m. GMT","FrankyDoodle","Drenthe","Democraten 66 (D66)","Mitorr","","","","","","","",""
"2016/10/01 6:23:23 a.m. GMT","Gigano","Groningen","Democraten 66 (D66)","MTFD","","","","","","","",""
"2016/10/01 8:04:46 a.m. GMT","lordsleepyhead","Groningen","Communistische Partij Nederland (CPN)","","","theultimatetrol","","","","","",""
"2016/10/01 1:45:08 p.m. GMT","Yananas","Zuid-Holland","Pacifistisch Socialistische Partij (PSP)","","","","","","","","","Keijeman"
"2016/10/01 2:14:41 p.m. GMT","ShinyShinx","Overijssel","Democraten 66 (D66)","Mitorr","","","","","","","",""
"2016/10/01 2:28:41 p.m. GMT","xionz","Noord-Brabant","Germaanse Partij Nederland (GPN)","","","","","","","","Akuran",""
"2016/10/01 2:45:02 p.m. GMT","Nougatreep","Groningen","Partij voor de Vrijheid (PVV)","","","","nougatreep","","","","",""
"2016/10/01 3:35:39 p.m. GMT","Holtenbronx","Utrecht","Partij van de Arbeid (PvdA)","","","","","","","Blackdutchie","",""
"2016/10/01 4:32:50 p.m. GMT","vierkantor","Zuid-Holland","Communistische Partij Nederland (CPN)","","","ComradVladimir","","","","","",""
"2016/10/01 4:41:08 p.m. GMT","Caimie","Gelderland","Democraten 66 (D66)","Thatguynobodyknows","","","","","","","",""